Date,USD,EUR,JPY,GBP,RUB,CNY,KRW,SGD,CAD,AUD
1993-12-01,395.03,0.0,3.55,592.7,0.0,0.0,0.0,0.0,298.28,0.0
1994-12-01,413.0,0.0,4.12,639.77,0.12,48.6,0.0,0.0,295.08,0.0
1995-12-01,473.48,0.0,4.63,731.27,0.1,56.94,0.0,0.0,347.61,0.0
1996-03-01,486.53,0.0,4.6,746.08,0.1,58.69,0.63,0.0,358.68,0.0
1996-06-01,524.86,0.0,4.85,818.29,0.1,63.83,0.66,0.0,390.31,0.0
1996-09-01,586.51,0.0,5.47,935.97,0.11,72.47,0.73,0.0,440.08,0.0
1996-10-01,606.1,0.0,5.42,985.45,0.11,74.0,0.74,0.0,456.55,0.0
1996-11-01,655.79,0.0,6.22,1166.06,0.13,83.69,0.84,0.0,517.95,0.0
1996-12-01,692.76,0.0,5.98,1172.48,0.12,83.57,0.82,0.0,506.86,0.0
1997-01-01,711.24,0.0,6.13,1187.29,0.13,88.03,0.85,0.0,541.78,0.0
1997-02-01,731.79,0.0,6.03,1201.07,0.13,89.26,0.86,0.0,542.96,0.0
1997-03-01,801.39,0.0,6.7,1357.47,0.14,100.04,0.92,0.0,603.66,0.0
1997-04-01,818.36,0.0,6.31,1293.54,0.14,96.06,0.89,0.0,570.56,0.0
1997-05-01,785.64,0.0,6.85,1294.83,0.14,95.47,0.89,0.0,575.55,0.0
1997-06-01,796.79,0.0,6.96,1327.06,0.14,96.39,0.9,0.0,577.94,0.0
1997-07-01,799.07,0.0,6.85,1330.13,0.14,96.53,0.9,0.0,578.04,0.0
1997-08-01,803.65,0.0,6.81,1293.41,0.14,97.1,0.89,0.0,578.52,0.0
1997-09-01,803.85,0.0,6.63,1291.71,0.14,97.19,0.88,0.0,580.76,0.0
1997-10-01,804.96,0.0,6.67,1303.91,0.14,97.31,0.88,0.0,580.8,0.0
1997-11-01,808.05,0.0,6.45,1366.76,0.14,97.74,0.77,0.0,570.12,0.0
1997-12-01,811.95,0.0,6.28,1358.14,0.14,98.21,0.49,0.0,567.27,0.0
1998-01-01,815.2,0.0,6.48,1350.8,136.12,98.65,0.47,0.0,561.73,0.0
1998-02-01,816.55,0.0,6.42,1336.53,136.11,98.62,0.49,0.0,574.21,0.0
1998-03-01,816.7,0.0,6.29,1360.09,136.29,98.75,0.56,0.0,576.49,0.0
1998-04-01,817.98,0.0,6.15,1364.95,133.74,98.98,0.57,0.0,576.94,537.93
1998-05-01,821.4,0.0,6.07,1344.74,134.57,99.6,0.58,0.0,568.99,517.65
1998-06-01,833.56,0.0,5.9,1393.38,134.7,101.29,0.6,0.0,571.41,507.16
1998-07-01,839.3,0.0,5.94,1393.44,134.16,101.52,0.67,0.0,559.94,517.24
1998-08-01,846.33,0.0,6.01,1428.29,77.27,102.65,0.64,0.0,544.04,482.97
1998-09-01,851.95,0.0,6.29,1449.48,53.32,103.28,0.62,0.0,565.01,502.06
1998-10-01,857.88,0.0,7.28,1455.12,51.41,104.28,0.66,0.0,559.24,534.48
1998-11-01,872.53,0.0,7.13,1455.26,48.8,106.41,0.71,0.0,573.54,557.3
1998-12-01,891.86,0.0,7.71,1508.05,42.65,108.96,0.74,543.18,582.16,547.97
1999-01-01,916.45,1099.96,8.3,1572.96,40.77,100.0,0.8,563.55,625.45,601.4
1999-02-01,975.16,1087.1,8.07,1596.19,43.58,118.98,0.81,574.01,661.43,629.07
1999-03-01,1019.63,1120.58,8.67,1689.93,39.74,125.75,0.85,599.97,688.15,660.3
1999-04-01,1024.93,1074.94,8.53,1638.56,41.36,122.54,0.86,594.17,687.24,662.98
1999-05-01,1004.4,1050.43,8.28,1610.96,40.67,121.4,0.85,581.26,684.67,652.8
1999-06-01,1008.06,1056.64,8.36,1608.35,41.5,122.59,0.88,596.27,692.34,671.19
1999-07-01,1015.01,1073.16,8.72,1611.83,41.9,123.01,0.84,599.28,676.33,662.28
1999-08-01,1035.24,1096.8,9.43,1662.89,42.22,126.49,0.88,620.35,703.06,658.69
1999-09-01,1052.28,1104.51,10.04,1737.09,41.73,127.89,0.87,620.35,719.73,691.33
1999-10-01,1065.69,1142.45,10.1,1774.07,41.53,129.32,0.89,643.38,724.43,694.14
1999-11-01,1074.16,1087.12,10.34,1719.01,40.42,129.25,0.89,639.76,728.59,680.89
1999-12-01,1070.39,1086.85,10.42,1734.56,39.95,129.53,0.95,642.41,730.75,691.09
2000-01-01,1080.76,1065.97,10.17,1765.63,38.01,131.38,0.97,636.36,753.01,694.17
2000-02-01,1089.17,1061.06,9.97,1737.85,38.06,132.0,0.96,640.27,753.62,671.55
2000-03-01,1091.83,1065.15,10.2,1736.04,38.44,131.66,0.98,635.05,745.2,666.37
2000-04-01,1059.63,970.21,9.77,1630.95,36.22,125.02,0.93,609.18,702.36,613.6
2000-05-01,1024.68,963.15,9.65,1538.26,36.51,124.77,0.91,596.52,687.37,593.23
2000-06-01,1053.57,997.59,10.18,1598.62,37.81,128.67,0.95,614.86,717.95,632.34
2000-07-01,1071.32,993.05,9.82,1616.66,38.65,129.89,0.96,620.49,729.31,627.53
2000-08-01,1078.78,976.99,10.15,1592.58,39.06,130.74,0.97,630.12,729.03,620.89
2000-09-01,1084.14,957.25,10.05,1583.43,39.01,131.13,0.96,621.78,729.56,594.97
2000-10-01,1089.74,920.26,10.07,1591.06,39.38,132.4,0.96,624.39,716.62,572.61
2000-11-01,1096.61,919.67,9.91,1536.07,39.33,132.52,0.91,624.18,709.07,572.8
2000-12-01,1097.0,1006.61,9.74,1615.11,39.18,132.52,0.89,634.84,720.81,608.56
2001-01-01,1097.77,1020.31,9.4,1611.46,38.74,132.75,0.86,629.15,730.48,599.12
2001-02-01,1098.99,993.42,9.43,1588.75,38.25,132.66,0.88,629.05,713.5,573.65
2001-03-01,1098.0,977.04,8.93,1563.83,38.12,132.53,0.84,615.15,700.29,542.41
2001-04-01,1092.95,985.34,8.8,1573.33,37.71,131.81,0.82,599.88,707.18,558.32
2001-05-01,1092.67,943.18,9.1,1548.06,37.6,132.29,0.85,607.05,709.5,570.99
2001-06-01,1096.0,936.51,8.82,1551.05,37.66,132.54,0.84,602.38,719.79,566.55
2001-07-01,1096.67,964.37,8.87,1567.23,37.5,132.66,0.84,609.83,716.15,557.29
2001-08-01,1098.43,1006.46,9.18,1591.08,37.42,132.78,0.86,627.57,713.66,587.69
2001-09-01,1099.5,1013.2,9.4,1607.6,37.3,132.8,0.85,631.9,701.7,539.0
2001-10-01,1099.57,982.9,9.0,1574.8,37.1,132.9,0.85,601.8,698.7,551.9
2001-11-01,1100.0,966.2,8.87,1545.6,36.7,132.9,0.86,599.1,687.2,570.0
2001-12-01,1101.29,973.6,8.39,1598.6,36.2,133.1,0.83,595.9,691.0,559.7
2002-01-01,1102.0,964.5,8.18,1567.5,36.0,133.1,0.83,600.1,687.3,572.4
2002-02-01,1103.4,957.5,8.23,1572.9,35.7,133.4,0.84,602.3,693.2,567.6
2002-03-01,1104.0,971.7,8.34,1574.3,35.4,133.4,0.84,603.5,699.6,585.9
2002-04-01,1104.0,992.6,8.6,1606.2,35.4,133.4,0.85,610.8,705.6,601.4
2002-05-01,1103.35,1014.2,8.82,1603.0,35.2,133.3,0.88,612.9,716.6,612.1
2002-06-01,1104.0,1067.4,8.96,1657.3,35.1,133.5,0.91,623.2,723.1,634.2
2002-07-01,1108.38,1110.7,9.44,1753.0,35.2,134.1,0.94,631.4,706.7,599.1
2002-08-01,1113.23,1095.1,9.42,1711.4,35.3,134.8,0.93,638.0,718.5,618.2
2002-09-01,1116.05,1092.9,9.12,1738.0,35.2,134.9,0.91,628.3,708.9,609.4
2002-10-01,1119.0,1096.2,9.05,1742.6,35.3,135.4,0.91,631.4,715.9,622.3
2002-11-01,1122.22,1126.2,9.22,1777.3,35.3,135.7,0.93,634.7,712.1,632.1
2002-12-01,1124.09,1169.4,9.38,1804.0,35.4,135.9,0.94,647.6,720.6,634.9
2003-01-01,1129.5,1224.7,9.54,1862.9,35.6,136.7,0.97,653.5,744.3,666.7
2003-02-01,1134.05,1228.5,9.72,1804.5,36.0,137.5,0.96,656.6,762.7,690.3
2003-03-01,1139.74,1219.3,9.48,1783.7,36.3,137.7,0.91,644.3,777.9,683.8
2003-04-01,1136.18,1243.7,9.45,1805.4,36.5,137.0,0.94,639.0,782.4,702.3
2003-05-01,1130.0,1328.8,9.51,1850.5,36.9,136.5,0.94,651.4,814.4,731.8
2003-06-01,1133.67,1302.2,9.53,1891.4,37.6,137.6,0.95,649.4,840.7,758.5
2003-07-01,1146.59,1318.5,9.62,1872.2,38.1,139.3,0.98,656.8,826.0,762.5
2003-08-01,1152.19,1255.2,9.86,1820.1,37.8,139.4,0.98,656.7,824.6,738.6
2003-09-01,1156.64,1321.8,10.4,1914.2,37.8,140.0,1.01,674.4,876.0,798.3
2003-10-01,1161.39,1306.3,10.78,1979.5,39.0,140.8,0.99,672.2,888.5,822.0
2003-11-01,1168.26,1397.6,10.72,2010.0,39.1,141.5,0.97,679.0,897.6,847.2
2003-12-01,1170.3,1460.2,10.92,2073.4,39.9,141.1,0.98,686.4,892.6,872.1
2004-01-01,1170.15,1459.1,11.04,2127.6,41.1,141.5,1.0,688.9,882.7,903.6
2004-02-01,1173.18,1462.8,10.74,2191.1,41.2,142.1,1.0,689.8,874.5,907.0
2004-03-01,1177.65,1433.17,11.14,2142.55,41.31,142.2,1.02,698.72,898.99,882.22
2004-04-01,1173.0,1382.3,10.6,2068.0,40.4,141.4,1.0,687.5,851.6,839.7
2004-05-01,1162.9,1421.6,10.48,2130.0,40.0,140.0,0.99,682.1,853.5,832.2
2004-06-01,1166.95,1430.3,10.84,2146.6,40.5,141.8,1.02,685.9,873.0,820.3
2004-07-01,1182.84,1431.2,10.62,2159.5,40.8,143.5,1.01,689.2,895.9,831.1
2004-08-01,1191.58,1433.6,10.82,2134.1,40.8,144.1,1.03,695.3,905.5,832.4
2004-09-01,1198.93,1481.7,10.83,2177.9,41.1,145.2,1.04,709.6,944.7,861.3
2004-10-01,1204.42,1537.4,11.37,2209.1,42.0,145.8,1.08,725.4,986.5,900.7
2004-11-01,1210.2,1612.1,11.81,2298.6,42.9,146.7,1.16,741.0,1028.7,955.1
2004-12-01,1211.77,1647.4,11.65,2320.9,43.4,146.1,1.16,738.4,999.0,936.7
2005-01-01,1210.9,1574.4,11.7,2278.4,43.0,146.0,1.18,739.5,974.1,936.5
2005-02-01,1208.5,1595.0,11.47,2307.0,43.5,146.0,1.2,740.0,974.5,946.0
2005-03-01,1202.54,1543.0,11.12,2239.2,42.8,144.0,1.17,721.7,984.1,920.3
2005-04-01,1186.93,1537.9,11.26,2273.8,42.7,143.5,1.19,723.6,949.5,926.5
2005-05-01,1188.0,1489.6,11.01,2167.8,42.3,143.7,1.19,716.9,945.8,905.8
2005-06-01,1190.53,1439.2,10.84,2168.9,41.7,144.1,1.16,708.7,968.4,910.1
2005-07-01,1193.45,1439.7,10.61,2079.2,41.6,147.1,1.16,716.3,965.1,901.5
2005-08-01,1200.07,1471.4,10.92,2161.3,42.2,148.8,1.17,716.0,1004.5,902.1
2005-09-01,1212.19,1465.3,10.76,2148.8,42.6,150.1,1.17,719.2,1035.1,923.6
2005-10-01,1218.77,1485.1,10.6,2178.5,43.0,151.0,1.17,723.7,1042.7,922.2
2005-11-01,1224.4,1452.8,10.31,2119.7,42.7,152.0,1.18,726.0,1049.5,909.5
2005-12-01,1226.68,1449.1,10.37,2103.7,42.5,151.3,1.21,733.1,1048.3,892.6
2006-01-01,1220.68,1483.2,10.45,2162.6,43.4,150.8,1.25,749.3,1057.9,914.1
2006-02-01,1210.21,1423.6,10.33,2092.9,42.6,149.2,1.24,738.8,1044.8,886.6
2006-03-01,1183.23,1416.5,9.99,2043.2,42.3,146.3,1.2,724.4,1003.2,833.2
2006-04-01,1186.27,1492.8,10.43,2146.7,43.7,148.6,1.26,752.8,1060.3,898.8
2006-05-01,1182.55,1510.2,10.52,2203.7,43.5,146.4,1.24,745.2,1066.8,897.1
2006-06-01,1171.53,1470.7,10.06,2130.8,43.3,146.5,1.22,733.9,1043.4,853.4
2006-07-01,1170.32,1483.8,10.11,2172.9,43.5,146.6,1.23,739.2,1030.5,890.3
2006-08-01,1168.35,1498.8,9.98,2219.7,43.7,146.7,1.22,742.1,1054.0,890.8
2006-09-01,1167.7,1478.7,9.89,2181.4,43.6,147.7,1.23,736.0,1046.9,870.7
2006-10-01,1166.61,1482.4,9.92,2211.0,43.6,147.9,1.23,746.3,1039.9,895.6
2006-11-01,1164.1,1533.7,10.03,2270.1,44.2,148.6,1.25,753.1,1027.3,910.6
2006-12-01,1164.84,1535.3,9.81,2290.9,44.3,149.2,1.25,760.2,1004.2,923.2
2007-01-01,1165.55,1511.1,9.57,2293.5,43.9,149.9,1.24,757.6,985.5,901.3
2007-02-01,1164.64,1538.6,9.73,2288.5,44.5,150.3,1.24,762.6,1004.1,923.7
2007-03-01,1164.55,1553.4,9.92,2288.2,44.8,150.8,1.24,768.0,1004.2,943.1
2007-04-01,1165.0,1583.9,9.75,2316.7,45.3,151.0,1.25,767.3,1038.8,961.1
2007-05-01,1165.0,1566.2,9.58,2305.0,45.0,152.3,1.25,761.7,1087.9,954.3
2007-06-01,1164.09,1566.54,9.46,2326.85,45.08,152.78,1.26,757.4,1008.11,979.43
2007-07-01,1164.1,1592.09,9.8,2362.13,45.53,153.96,1.26,769.27,1092.84,993.45
2007-08-01,1180.38,1621.88,10.29,2393.91,46.29,157.26,1.26,779.54,1116.97,969.35
2007-09-01,1187.63,1673.66,10.25,2393.21,47.42,157.61,1.29,793.53,1180.48,1040.55
2007-10-01,1179.71,1696.79,10.27,2430.09,47.66,157.59,1.3,811.52,1232.54,1084.78
2007-11-01,1180.71,1735.99,10.67,2428.77,48.14,158.76,1.26,809.63,1186.47,1036.53
2007-12-01,1170.22,1717.16,10.33,2337.54,47.68,160.18,1.25,808.74,1194.58,1024.02
2008-01-01,1170.67,1731.06,10.98,2332.35,47.87,162.92,1.24,825.34,1173.06,1039.18
2008-02-01,1171.67,1768.39,11.01,2318.86,48.59,164.69,1.25,838.15,1197.87,1099.81
2008-03-01,1170.84,1841.68,11.69,2329.74,49.67,166.58,1.18,845.67,1148.53,1073.08
2008-04-01,1166.67,1811.95,11.18,2309.73,49.18,166.71,1.16,855.69,1149.65,1087.59
2008-05-01,1163.26,1810.69,11.05,2290.51,49.09,167.41,1.13,850.1,1172.51,1116.13
2008-06-01,1159.22,1823.23,10.88,2296.2,49.39,168.78,1.11,849.15,1146.37,1112.08
2008-07-01,1156.77,1803.1,10.7,2290.42,49.32,169.03,1.14,844.89,1129.93,1096.43
2008-08-01,1152.91,1699.38,10.56,2113.47,46.81,168.54,1.06,814.54,1100.56,997.38
2008-09-01,1148.24,1643.95,10.79,2074.02,46.31,167.43,0.96,799.06,1099.68,936.53
2008-10-01,1144.58,1511.77,11.59,1903.43,43.13,167.34,0.92,780.42,960.61,783.61
2008-11-01,1155.85,1510.36,12.3,1802.26,42.71,171.43,0.79,774.21,953.48,761.91
2008-12-01,1228.97,1786.75,14.04,1837.19,43.12,185.25,1.01,878.75,1027.82,875.03
2009-01-01,1333.41,1807.63,15.32,1948.83,39.76,202.01,1.0,918.26,1132.79,908.3
2009-02-01,1436.96,1875.57,15.43,2136.6,40.93,214.99,0.97,963.16,1176.89,952.6
2009-03-01,1562.95,2009.71,15.84,2157.63,44.6,222.94,1.1,1001.39,1217.5,1034.77
2009-04-01,1430.72,1877.22,14.73,2095.71,42.82,208.61,1.06,952.73,1175.48,1016.99
2009-05-01,1423.94,1982.51,14.78,2276.46,45.64,209.19,1.14,983.29,1274.59,1114.34
2009-06-01,1435.49,2012.13,15.03,2371.79,45.93,210.08,1.12,986.15,1242.42,1151.84
2009-07-01,1455.3,2044.48,15.32,2398.26,45.75,212.97,1.18,1006.85,1339.13,1195.53
2009-08-01,1429.05,2048.11,15.22,2327.14,45.24,209.2,1.15,991.5,1313.77,1200.97
2009-09-01,1426.01,2078.84,15.89,2261.65,47.35,208.85,1.2,1005.37,1316.18,1245.69
2009-10-01,1423.84,2109.99,15.64,2353.75,48.95,208.51,1.2,1018.7,1333.68,1299.75
2009-11-01,1446.41,2150.09,16.79,2358.81,48.62,211.8,1.23,1039.39,1351.28,1297.72
2009-12-01,1442.84,2071.34,15.66,2295.77,47.67,211.35,1.24,1027.96,1376.89,1288.38
2010-01-01,1455.7,2031.94,16.14,2352.56,47.87,213.23,1.25,1036.6,1366.28,1298.7
2010-02-01,1449.82,1966.1,16.22,2211.63,48.24,212.38,1.25,1029.26,1368.01,1287.08
2010-03-01,1367.1,1847.43,14.77,2057.9,46.51,200.28,1.21,977.3,1342.2,1257.12
2010-04-01,1372.46,1812.75,14.59,2088.88,46.9,201.05,1.23,999.86,1360.29,1270.62
2010-05-01,1384.85,1710.29,15.16,2009.28,45.36,202.73,1.16,987.49,1318.15,1181.9
2010-06-01,1368.65,1671.94,15.43,2058.31,43.82,201.42,1.12,981.57,1310.65,1176.29
2010-07-01,1353.49,1766.85,15.67,2116.05,44.78,199.83,1.14,994.26,1308.54,1216.45
2010-08-01,1301.8,1657.45,15.29,2026.71,42.44,191.37,1.09,961.66,1241.52,1170.51
2010-09-01,1325.59,1804.39,15.85,2097.08,43.61,198.16,1.16,1006.75,1288.92,1286.88
2010-10-01,1283.38,1778.83,15.91,2040.96,41.66,192.26,1.14,987.79,1255.81,1249.56
2010-11-01,1246.69,1658.16,14.87,1950.38,39.88,187.09,1.08,948.13,1225.49,1209.1
2010-12-01,1256.47,1662.31,15.42,1949.35,41.35,190.21,1.11,972.01,1256.91,1277.58
2011-04-01,1219.9,1764.32,14.66,1997.27,43.49,186.86,1.13,978.74,1273.73,1291.41
2011-05-01,1235.71,1774.83,15.22,2020.66,44.3,190.24,1.14,998.7,1278.34,1321.48
2011-06-01,1257.29,1809.22,15.63,2037.94,44.94,194.18,1.16,1018.18,1285.45,1332.0
2011-07-01,1246.93,1788.01,15.69,2014.45,44.77,193.12,1.18,1025.58,1306.42,1345.61
2011-08-01,1238.63,1777.86,16.07,2027.39,43.08,193.4,1.15,1024.77,1263.62,1301.85
2011-09-01,1259.89,1735.92,16.42,1989.33,41.06,197.2,1.13,1008.17,1258.74,1290.7
2011-10-01,1291.94,1771.15,16.84,2034.9,41.32,202.83,1.12,1011.88,1265.34,1308.38
2011-11-01,1323.42,1793.82,17.08,2091.24,42.86,208.2,1.17,1026.15,1289.86,1335.11
2011-12-01,1374.2,1811.64,17.66,2144.68,43.68,216.45,1.2,1060.62,1343.0,1391.62
2012-01-01,1395.12,1800.97,18.14,2164.22,44.45,220.88,1.22,1089.83,1376.63,1450.49
2012-02-01,1340.73,1772.77,17.12,2120.71,44.96,212.8,1.2,1069.83,1345.08,1439.53
2012-03-01,1333.28,1761.91,16.17,2110.2,45.44,211.17,1.18,1058.9,1342.44,1404.82
2012-04-01,1313.13,1728.43,16.14,2101.17,44.52,208.23,1.16,1049.31,1322.33,1358.4
2012-05-01,1318.03,1689.83,16.53,2099.65,42.82,208.38,1.14,1045.08,1306.82,1316.36
2012-06-01,1328.01,1666.8,16.74,2065.34,40.48,208.68,1.14,1039.08,1292.36,1326.5
2012-07-01,1344.04,1654.77,17.03,2097.22,41.38,210.96,1.18,1066.46,1325.99,1385.66
2012-08-01,1364.22,1690.97,17.34,2142.42,42.66,214.5,1.2,1092.71,1373.17,1428.64
2012-09-01,1394.83,1793.08,17.85,2246.6,44.33,220.68,1.24,1132.27,1425.28,1449.34
2012-10-01,1386.98,1798.35,17.57,2229.9,44.57,221.44,1.25,1132.92,1406.18,1428.21
2012-11-01,1396.4,1793.19,17.25,2231.34,44.5,224.0,1.28,1141.43,1401.18,1453.25
2012-12-01,1396.11,1830.59,16.7,2252.6,45.39,223.98,1.3,1143.62,1410.96,1461.3
2013-01-01,1392.76,1849.32,15.66,2225.2,46.06,223.85,1.31,1133.78,1404.73,1462.6
2013-02-01,1393.9,1862.05,14.99,2156.46,46.16,223.63,1.28,1125.92,1382.63,1438.96
2013-03-01,1404.39,1819.78,14.83,2119.48,45.57,225.95,1.27,1126.85,1370.93,1452.82
2013-04-01,1417.41,1843.72,14.51,2168.09,45.22,229.12,1.26,1144.92,1390.95,1471.78
2013-05-01,1438.27,1867.91,14.27,2200.48,45.91,234.21,1.29,1152.2,1409.55,1425.55
2013-06-01,1437.78,1898.56,14.75,2227.49,44.5,234.4,1.27,1141.31,1395.74,1357.08
2013-07-01,1474.07,1929.42,14.79,2239.35,44.99,240.32,1.31,1161.67,1415.66,1350.43
2013-08-01,1570.43,2090.94,16.06,2431.85,47.55,256.55,1.41,1233.96,1509.53,1418.43
2013-09-01,1662.45,2218.71,16.75,2635.52,50.98,271.65,1.53,1315.79,1605.18,1543.01
2013-10-01,1687.62,2302.37,17.26,2716.98,52.6,276.48,1.58,1356.88,1628.57,1605.91
2013-11-01,1733.47,2339.05,17.33,2791.82,52.94,284.5,1.63,1389.32,1652.71,1615.86
2013-12-01,1674.58,2294.48,16.18,2743.33,50.93,275.67,1.59,1329.87,1573.92,1503.89
2014-01-01,1714.26,2336.08,16.47,2823.62,50.88,283.32,1.61,1346.57,1569.77,1518.49
2014-02-01,1752.18,2392.74,17.17,2901.12,49.62,288.15,1.64,1383.37,1585.12,1571.37
2014-03-01,1772.3,2450.32,17.33,2945.66,48.98,287.12,1.66,1398.6,1595.41,1608.57
2014-04-01,1784.11,2464.69,17.4,2987.42,50.0,286.64,1.71,1421.57,1622.55,1662.27
2014-05-01,1813.08,2492.43,17.81,3055.79,52.0,290.59,1.77,1448.69,1664.88,1687.83
2014-06-01,1824.64,2480.94,17.88,3084.83,53.03,292.84,1.79,1458.25,1684.63,1709.16
2014-07-01,1844.07,2496.27,18.12,3148.37,53.04,297.55,1.81,1483.45,1718.72,1731.7
2014-08-01,1862.17,2480.7,18.09,3112.11,51.52,302.53,1.82,1491.79,1704.65,1732.96
2014-09-01,1835.75,2370.52,17.13,2995.63,48.33,299.04,1.77,1453.92,1668.87,1663.19
2014-10-01,1849.94,2345.71,17.13,2973.75,45.21,302.02,1.74,1451.75,1649.85,1624.18
2014-11-01,1879.77,2345.62,16.19,2967.11,40.77,306.86,1.71,1450.51,1658.82,1626.03
2014-12-01,1883.0,2321.68,15.79,2944.02,33.87,304.33,1.71,1431.39,1633.51,1553.39
2015-01-01,1932.7,2247.49,16.34,2925.79,29.94,310.78,1.78,1444.79,1598.86,1562.63
2015-02-01,1961.75,2228.84,16.54,3003.89,30.34,313.78,1.78,1447.96,1567.8,1527.87
2015-03-01,1986.22,2153.45,16.5,2976.72,33.0,318.35,1.78,1442.78,1575.59,1535.94
2015-04-01,1975.83,2132.42,16.53,2950.94,37.35,318.62,1.82,1463.95,1598.14,1526.3
2015-05-01,1939.28,2165.39,16.07,2998.91,38.32,312.58,1.78,1453.69,1594.81,1532.06
2015-06-01,1903.29,2137.69,15.39,2964.76,34.88,306.66,1.71,1414.52,1541.09,1469.55
2015-07-01,1978.28,2176.32,16.04,3080.13,34.46,318.64,1.73,1453.07,1540.38,1467.86
2015-08-01,1990.48,2217.31,16.16,3104.65,30.36,313.79,1.69,1422.67,1513.72,1451.34
2015-09-01,1993.79,2240.06,16.59,3059.94,29.87,313.05,1.68,1409.4,1504.1,1407.7
2015-10-01,1993.35,2239.73,16.61,3057.19,31.58,313.94,1.74,1423.47,1525.32,1437.54
2015-11-01,1992.9,2141.83,16.27,3031.07,30.68,312.82,1.73,1410.44,1502.73,1425.89
2015-12-01,1995.84,2171.72,16.39,2993.83,28.57,309.34,1.7,1417.94,1459.09,1448.14
2016-01-01,2003.22,2175.72,16.96,2886.67,25.97,304.75,1.66,1398.18,1407.73,1404.1
2016-02-01,2024.25,2241.4,17.62,2891.6,26.37,309.32,1.66,1438.57,1467.68,1445.78
2016-03-01,2046.35,2273.91,18.11,2908.37,29.18,314.47,1.73,1489.33,1545.27,1532.59
2016-04-01,2011.99,2281.38,18.37,2876.98,30.18,310.59,1.76,1490.0,1566.72,1541.67
2016-05-01,2005.96,2269.82,18.43,2914.92,30.53,307.28,1.71,1465.12,1552.15,1468.56
2016-06-01,1964.93,2210.03,18.66,2796.77,30.16,298.18,1.68,1451.36,1525.17,1454.36
2016-07-01,2031.9,2246.62,19.54,2670.34,31.51,304.41,1.78,1502.57,1557.81,1523.82
2016-08-01,2189.05,2453.43,21.61,2868.01,33.68,329.2,1.97,1624.27,1684.6,1669.57
2016-09-01,2243.98,2515.86,22.02,2951.99,34.81,336.29,2.02,1650.35,1714.93,1704.0
2016-10-01,2307.8,2546.23,22.25,2852.29,36.87,343.12,2.05,1668.78,1743.12,1757.39
2016-11-01,2434.32,2633.58,22.56,3024.81,37.82,356.01,2.09,1727.04,1811.4,1836.78
2016-12-01,2482.57,2619.89,21.4,3104.25,40.0,358.73,2.1,1730.06,1862.25,1826.05
2017-01-01,2488.38,2642.58,21.61,3067.43,41.58,360.78,2.11,1739.98,1882.55,1851.17
2017-02-01,2478.29,2639.1,21.89,3098.2,42.43,360.52,2.17,1749.71,1892.53,1898.92
2017-03-01,2459.55,2631.77,21.78,3035.91,42.51,356.57,2.17,1750.89,1837.71,1875.18
2017-04-01,2421.85,2594.75,22.0,3058.39,42.89,351.44,2.14,1732.27,1804.51,1824.99
2017-05-01,2413.06,2665.12,21.5,3118.69,42.3,350.38,2.14,1729.62,1773.79,1793.91
2017-06-01,2367.93,2660.08,21.36,3030.34,40.84,347.87,2.09,1711.66,1779.97,1790.91
2017-07-01,2409.41,2780.79,21.5,3140.05,40.52,356.13,2.14,1760.76,1902.52,1890.91
2017-08-01,2443.53,2886.08,22.24,3168.83,41.03,366.29,2.16,1795.5,1937.81,1934.06
2017-09-01,2454.29,2924.58,22.18,3262.33,42.54,373.78,2.17,1818.09,1997.19,1956.41
2017-10-01,2458.69,2890.74,21.77,3245.99,42.61,371.05,2.17,1807.38,1954.0,1914.99
2017-11-01,2448.86,2873.75,21.7,3238.92,41.55,369.78,2.22,1805.92,1918.47,1866.99
2017-12-01,2433.49,2879.43,21.54,3261.91,41.52,369.0,2.24,1806.63,1904.42,1859.42
2018-01-01,2425.77,2956.1,21.85,3347.33,42.8,377.34,2.27,1834.43,1950.06,1927.71
2018-02-01,2402.9,2967.65,22.25,3358.93,42.28,380.19,2.22,1820.26,1912.43,1892.36
2018-03-01,2395.37,2954.35,22.59,3346.15,41.96,379.08,2.24,1821.75,1853.46,1858.65
2018-04-01,2394.65,2941.41,22.26,3372.36,39.4,380.11,2.24,1820.27,1880.05,1840.51
2018-05-01,2405.19,2845.57,21.92,3241.86,38.57,377.39,2.23,1796.41,1870.23,1810.54
2018-06-01,2432.3,2841.01,22.1,3231.73,38.72,376.12,2.22,1804.76,1852.49,1823.0
2018-07-01,2462.83,2877.93,22.12,3243.24,39.14,366.54,2.19,1806.83,1874.56,1823.21
2018-08-01,2464.12,2844.82,22.19,3172.75,37.18,359.65,2.2,1800.08,1889.6,1805.07
2018-09-01,2503.31,2919.38,22.36,3266.57,37.03,365.2,2.24,1825.73,1919.7,1802.78
2018-10-01,2564.14,2947.05,22.72,3338.43,38.95,370.53,2.27,1859.07,1972.25,1822.5
2018-11-01,2581.88,2935.11,22.8,3327.57,38.93,372.0,2.29,1877.26,1956.57,1872.03
2018-12-01,2637.35,3002.43,23.51,3342.9,39.15,383.03,2.35,1924.86,1963.42,1891.82
2019-01-01,2649.68,3027.41,24.34,3413.9,39.61,390.38,2.36,1953.69,1991.35,1893.67
2019-02-01,2633.37,2988.53,23.85,3428.79,40.01,390.81,2.35,1945.84,1994.61,1882.68
2019-03-01,2632.51,2979.59,23.68,3472.47,40.49,392.31,2.33,1945.21,1971.4,1865.88
2019-04-01,2634.93,2961.39,23.61,3434.65,40.78,392.28,2.3,1942.91,1969.8,1874.36
2019-05-01,2645.16,2958.89,24.04,3399.17,40.75,385.97,2.23,1929.66,1966.07,1837.95
2019-06-01,2654.47,2997.57,24.56,3364.88,41.41,384.62,2.26,1947.6,1996.58,1843.4
2019-07-01,2661.55,2984.83,24.59,3317.09,42.06,386.98,2.26,1954.68,2030.65,1858.27
2019-08-01,2670.54,2970.86,25.13,3243.34,40.66,378.16,2.21,1928.21,2012.37,1808.05
2019-09-01,2669.68,2940.57,24.84,3297.63,41.15,375.28,2.24,1935.46,2016.41,1819.09
2019-10-01,2678.01,2958.16,24.76,3379.99,41.62,377.38,2.26,1953.07,2029.74,1818.31
2019-11-01,2705.26,2991.82,24.85,3487.55,42.38,385.47,2.32,1987.51,2045.0,1849.4
